<?xml version="1.0" encoding="UTF-8"?>
<project-private xmlns="http://www.netbeans.org/ns/project-private/1">
    <editor-bookmarks xmlns="http://www.netbeans.org/ns/editor-bookmarks/2" lastBookmarkId="0"/>
    <open-files xmlns="http://www.netbeans.org/ns/projectui-open-files/2">
        <group>
            <file>file:/E:/IFMG-INFO/3°%20Ano/ProjetoSoftware/Revisão-EduardoOctINFOIII/src/Modelo_EMBD/Modelo_Instrumento.java</file>
            <file>file:/E:/IFMG-INFO/3°%20Ano/ProjetoSoftware/Revisão-EduardoOctINFOIII/src/Telas_RV/BuscaA.java</file>
            <file>file:/E:/IFMG-INFO/3°%20Ano/ProjetoSoftware/Revisão-EduardoOctINFOIII/src/Modelo_EMBD/Modelo_Aluno.java</file>
            <file>file:/E:/IFMG-INFO/3°%20Ano/ProjetoSoftware/Revisão-EduardoOctINFOIII/src/DAO_EMBD/DAO_Aluno.java</file>
            <file>file:/E:/IFMG-INFO/3°%20Ano/ProjetoSoftware/Revisão-EduardoOctINFOIII/src/Telas_RV/Professor.java</file>
            <file>file:/E:/IFMG-INFO/3°%20Ano/ProjetoSoftware/Revisão-EduardoOctINFOIII/src/DAO_EMBD/DAO_Professor.java</file>
            <file>file:/E:/IFMG-INFO/3°%20Ano/ProjetoSoftware/Revisão-EduardoOctINFOIII/src/Telas_RV/BuscaP.java</file>
            <file>file:/E:/IFMG-INFO/3°%20Ano/ProjetoSoftware/Revisão-EduardoOctINFOIII/src/Telas_RV/ListagemI.java</file>
            <file>file:/E:/IFMG-INFO/3°%20Ano/ProjetoSoftware/Revisão-EduardoOctINFOIII/src/Telas_RV/Instrumento.java</file>
        </group>
    </open-files>
</project-private>
